file,h1_count,h2_count,word_count,has_internal_links,has_faqs,issue_count,severity,issues_summary
app/services/page.tsx,1,3,94,Yes,No,2,HIGH,thin_content; no_faqs
app/locations/page.tsx,1,1,113,Yes,No,2,HIGH,thin_content; no_faqs
app/contact/page.tsx,1,3,115,Yes,No,2,HIGH,thin_content; no_faqs
app/team/page.tsx,1,4,161,Yes,No,2,HIGH,thin_content; no_faqs
app/insurance/page.tsx,1,3,162,Yes,No,2,HIGH,thin_content; no_faqs
app/pre-construction-services-for-commercial-construction-in-tampa/page.tsx,1,4,212,Yes,No,2,HIGH,thin_content; no_faqs
app/tampa-flood-impact-restoration-services/page.tsx,1,4,216,Yes,No,2,HIGH,thin_content; no_faqs
app/tampa-debris-removal-and-cleanup-post-disaster/page.tsx,1,4,218,Yes,No,2,HIGH,thin_content; no_faqs
app/zero-accidents-commercial-construction-safety-specialists/page.tsx,1,4,221,Yes,No,2,HIGH,thin_content; no_faqs
app/facility-expansion-success-a-guide-for-commercial-construction/page.tsx,1,4,222,Yes,No,2,HIGH,thin_content; no_faqs
app/navigating-insurance-restoration-for-flood-damage-in-tampa/page.tsx,1,4,222,Yes,No,2,HIGH,thin_content; no_faqs
app/roof-repair-services-in-tampa-after-storms/page.tsx,1,4,224,Yes,No,2,HIGH,thin_content; no_faqs
app/storm-damage-restoration-and-insurance-in-tampa/page.tsx,1,4,224,Yes,No,2,HIGH,thin_content; no_faqs
app/top-tools-for-commercial-construction-in-tampa/page.tsx,1,4,225,Yes,Yes,1,HIGH,thin_content
app/invoices-for-commercial-construction-in-tampa/page.tsx,1,4,227,Yes,No,2,HIGH,thin_content; no_faqs
app/resources/page.tsx,1,4,227,Yes,No,2,HIGH,thin_content; no_faqs
app/tampa-historical-property-insurance-restoration-expert/page.tsx,1,4,227,Yes,No,2,HIGH,thin_content; no_faqs
app/top-commercial-contractors-in-tampa-for-commercial-construction/page.tsx,1,4,228,Yes,No,2,HIGH,thin_content; no_faqs
app/tampas-hvac-system-recovery-after-flooding/page.tsx,1,4,229,Yes,No,2,HIGH,thin_content; no_faqs
app/hire-top-commercial-contractor-in-tampa/page.tsx,1,4,234,Yes,No,2,HIGH,thin_content; no_faqs
app/gallery/page.tsx,1,3,243,Yes,No,2,HIGH,thin_content; no_faqs
app/page.tsx,1,3,259,No,No,3,HIGH,thin_content; no_internal_links; no_faqs
app/hurricane-resistant-luxury-home-design/page.tsx,1,8,263,Yes,Yes,1,HIGH,thin_content
app/historic-restoration/page.tsx,1,4,267,No,Yes,2,HIGH,thin_content; no_internal_links
app/condo-balcony-inspection-requirements/page.tsx,1,8,270,Yes,Yes,1,HIGH,thin_content
app/insurance/expert-witness/page.tsx,1,4,279,Yes,Yes,1,HIGH,thin_content
app/tilt-wall-vs-metal-buildings/page.tsx,1,7,282,Yes,Yes,1,HIGH,thin_content
app/warehouse-construction-tampa-bay/page.tsx,1,8,286,Yes,Yes,1,HIGH,thin_content
app/key-considerations-for-building-commercial-housing-complexes/page.tsx,1,9,300,Yes,Yes,1,MEDIUM,thin_content
app/florida-shpo-requirements/page.tsx,1,7,301,Yes,Yes,1,MEDIUM,thin_content
app/industrial-flex-space-development/page.tsx,1,7,302,Yes,Yes,1,MEDIUM,thin_content
app/sourcing-historic-materials-tampa-bay/page.tsx,1,8,304,Yes,Yes,1,MEDIUM,thin_content
app/tampa-certificate-of-appropriateness/page.tsx,1,8,304,Yes,Yes,1,MEDIUM,thin_content
app/commercial/cpm-scheduling/page.tsx,1,8,313,Yes,Yes,1,MEDIUM,thin_content
app/renovating-historic-homes-tampa/page.tsx,1,8,313,Yes,Yes,1,MEDIUM,thin_content
app/florida-sb4d-compliance-guide/page.tsx,1,8,314,Yes,Yes,1,MEDIUM,thin_content
app/mixed-use-development-tampa/page.tsx,1,8,317,Yes,Yes,1,MEDIUM,thin_content
app/balancing-modern-comfort-historic-homes/page.tsx,1,7,321,Yes,Yes,1,MEDIUM,thin_content
app/waterfront-lot-site-preparation/page.tsx,1,8,321,Yes,Yes,1,MEDIUM,thin_content
app/large-loss-commercial-restoration/page.tsx,1,8,323,Yes,Yes,1,MEDIUM,thin_content
app/cpm-scheduling-prevent-delays/page.tsx,1,8,324,Yes,Yes,1,MEDIUM,thin_content
app/historic-home-energy-efficiency/page.tsx,1,8,325,Yes,Yes,1,MEDIUM,thin_content
app/smart-home-integration-luxury-estates/page.tsx,1,7,329,Yes,Yes,1,MEDIUM,thin_content
app/waterproofing-historic-masonry/page.tsx,1,8,332,Yes,Yes,1,MEDIUM,thin_content
app/insurance-restoration-condominiums/page.tsx,1,8,333,Yes,Yes,1,MEDIUM,thin_content
app/sirs-structural-integrity-reserve-studies/page.tsx,1,7,334,Yes,Yes,1,MEDIUM,thin_content
app/adaptive-reuse-historic-civic-buildings/page.tsx,1,8,336,Yes,Yes,1,MEDIUM,thin_content
app/milestone-inspection-requirements/page.tsx,1,7,336,Yes,Yes,1,MEDIUM,thin_content
app/privacy-policy/page.tsx,1,1,339,Yes,No,2,MEDIUM,thin_content; no_faqs
app/living-shoreline-vs-seawall/page.tsx,1,8,340,Yes,Yes,1,MEDIUM,thin_content
app/premium-homepage/page.tsx,1,4,340,No,No,3,MEDIUM,thin_content; no_internal_links; no_faqs
app/residential-lifetime-custom-homes/page.tsx,1,4,340,Yes,No,2,MEDIUM,thin_content; no_faqs
app/insurance/licensed-general-contractor/page.tsx,1,6,348,Yes,Yes,1,MEDIUM,thin_content
app/davis-islands-custom-home-building/page.tsx,1,8,354,Yes,Yes,1,MEDIUM,thin_content
app/insurance-restoration-for-vandalism-damage-in-tampa/page.tsx,1,4,354,Yes,Yes,1,MEDIUM,thin_content
app/south-tampa-historic-district-guide/page.tsx,1,7,355,Yes,Yes,1,MEDIUM,thin_content
app/multi-family-flood-zone-construction/page.tsx,1,8,358,Yes,Yes,1,MEDIUM,thin_content
app/condo-common-area-reconstruction/page.tsx,1,8,360,Yes,Yes,1,MEDIUM,thin_content
app/other-services/page.tsx,1,7,360,Yes,Yes,1,MEDIUM,thin_content
app/services/commercial/retail-construction/page.tsx,1,6,369,Yes,Yes,1,MEDIUM,thin_content
app/services/commercial/commercial-additions/page.tsx,1,6,374,Yes,Yes,1,MEDIUM,thin_content
app/multi-family-construction-project-management/page.tsx,1,8,375,Yes,Yes,1,MEDIUM,thin_content
app/senior-living-construction-requirements/page.tsx,1,8,379,Yes,Yes,1,MEDIUM,thin_content
app/services/commercial/tenant-improvements/page.tsx,1,6,381,Yes,Yes,1,MEDIUM,thin_content
app/residential/fema-compliance/page.tsx,1,5,383,No,No,3,MEDIUM,thin_content; no_internal_links; no_faqs
app/multi-family-construction-services/page.tsx,1,6,384,Yes,Yes,1,MEDIUM,thin_content
app/seawall-coordination-new-construction/page.tsx,1,9,389,Yes,Yes,1,MEDIUM,thin_content
app/services/commercial/multi-family/page.tsx,1,6,391,Yes,Yes,1,MEDIUM,thin_content
app/locations/clearwater-fl/page.tsx,1,5,392,Yes,Yes,1,MEDIUM,thin_content
app/flood-zone-ve-vs-ae-guide/page.tsx,1,8,393,Yes,Yes,1,MEDIUM,thin_content
app/breakaway-wall-construction-requirements/page.tsx,1,8,395,Yes,Yes,1,MEDIUM,thin_content
app/services/commercial/industrial-construction/page.tsx,1,7,395,Yes,Yes,1,MEDIUM,thin_content
app/services/residential/kitchen-remodeling/page.tsx,1,6,397,Yes,Yes,1,MEDIUM,thin_content
app/boost-sales-with-effective-retail-store-design-ideas/page.tsx,1,8,398,Yes,Yes,1,MEDIUM,thin_content
app/tampa-historic-social-clubs-restoration/page.tsx,1,8,402,Yes,Yes,1,MEDIUM,thin_content
app/building-on-tampa-bay-waterfront/page.tsx,1,9,405,Yes,Yes,1,MEDIUM,thin_content
app/services/residential/home-additions/page.tsx,1,6,406,Yes,Yes,1,MEDIUM,thin_content
app/locations/bradenton-fl/page.tsx,1,5,407,Yes,Yes,1,MEDIUM,thin_content
app/services/residential/waterfront-homes/page.tsx,1,6,407,Yes,Yes,1,MEDIUM,thin_content
app/our-process/page.tsx,1,4,411,Yes,Yes,1,MEDIUM,thin_content
app/boost-your-business-with-an-attractive-retail-space/page.tsx,1,8,414,Yes,Yes,1,MEDIUM,thin_content
app/commercial-construction-project-on-schedule/page.tsx,1,6,414,Yes,Yes,1,MEDIUM,thin_content
app/condo-common-area-construction/page.tsx,1,8,417,Yes,Yes,1,MEDIUM,thin_content
app/services/disaster-recovery/water-damage/page.tsx,1,5,418,Yes,Yes,1,MEDIUM,thin_content
app/locations/sarasota-fl/page.tsx,1,5,421,Yes,Yes,1,MEDIUM,thin_content
app/locations/lakeland-fl/page.tsx,1,6,424,Yes,Yes,1,MEDIUM,thin_content
app/services/residential/hurricane-resistant-construction/page.tsx,1,6,424,Yes,Yes,1,MEDIUM,thin_content
app/residential/waterfront-homes/page.tsx,1,8,425,No,Yes,2,MEDIUM,thin_content; no_internal_links
app/locations/brandon-fl/page.tsx,1,5,426,Yes,Yes,1,MEDIUM,thin_content
app/locations/st-petersburg-fl/page.tsx,1,5,431,Yes,Yes,1,MEDIUM,thin_content
app/tampas-latest-commercial-construction-projects/page.tsx,1,6,432,Yes,Yes,1,MEDIUM,thin_content
app/historic-tax-credits-commercial-buildings/page.tsx,1,9,435,Yes,Yes,1,MEDIUM,thin_content
app/marine-grade-building-materials-guide/page.tsx,1,8,435,Yes,Yes,1,MEDIUM,thin_content
app/fema-50-percent-rule-explained/page.tsx,1,7,445,Yes,Yes,1,MEDIUM,thin_content
app/services/historic-restoration/shpo-compliance/page.tsx,1,5,445,Yes,Yes,1,MEDIUM,thin_content
app/maximize-work-area-efficiency-for-commercial-space-solutions/page.tsx,1,8,447,Yes,Yes,1,MEDIUM,thin_content
app/locations/ruskin-fl/page.tsx,1,5,454,Yes,Yes,1,MEDIUM,thin_content
app/industrial-site-disaster-response-in-tampa/page.tsx,1,8,455,Yes,Yes,1,MEDIUM,thin_content
app/services/disaster-recovery/hurricane-damage/page.tsx,1,5,457,Yes,Yes,1,MEDIUM,thin_content
app/poseidon-fishing-charters-premier-angling-adventures-in-ruskin-fl/page.tsx,1,2,458,Yes,No,2,MEDIUM,thin_content; no_faqs
app/services/disaster-recovery/insurance-claims-process/page.tsx,1,5,462,Yes,Yes,1,MEDIUM,thin_content
app/team-members/page.tsx,1,7,463,No,No,3,MEDIUM,thin_content; no_internal_links; no_faqs
app/locations/tampa-fl/page.tsx,1,5,464,Yes,Yes,1,MEDIUM,thin_content
app/converting-retail-building-into-multi-tenant-space/page.tsx,1,8,470,Yes,Yes,1,MEDIUM,thin_content
app/expert-insights-on-ways-t0-enhanced-office-building-security/page.tsx,1,8,474,Yes,Yes,1,MEDIUM,thin_content
app/services/disaster-recovery/fire-damage/page.tsx,1,5,478,Yes,Yes,1,MEDIUM,thin_content
app/hire-licensed-contractors-for-commercial-construction-project/page.tsx,1,5,482,Yes,No,2,MEDIUM,thin_content; no_faqs
app/employee-communication-with-office-layout/page.tsx,1,8,484,Yes,Yes,1,MEDIUM,thin_content
app/luxury-custom-homes/page.tsx,1,13,512,No,Yes,1,MEDIUM,no_internal_links
app/efficient-commercial-construction-timelines-in-tampa/page.tsx,1,7,519,Yes,Yes,0,NONE,
app/boosting-performance-in-florida-offices-windows/page.tsx,1,8,522,Yes,Yes,0,NONE,
app/tampa-commercial-construction-planning-services/page.tsx,1,6,522,Yes,Yes,0,NONE,
app/terms-and-conditions/page.tsx,1,1,524,Yes,No,1,LOW,no_faqs
app/services/historic-restoration/material-sourcing/page.tsx,1,5,532,Yes,Yes,0,NONE,
app/services/historic-restoration/historic-tax-credits/page.tsx,1,5,533,Yes,Yes,0,NONE,
app/about/page.tsx,1,6,545,Yes,No,1,LOW,no_faqs
app/hyde-park-renovation-guide/page.tsx,1,8,551,Yes,Yes,0,NONE,
app/commercial-construction-consultancy-in-tampa/page.tsx,1,7,554,Yes,Yes,0,NONE,
app/leading-commercial-contractors-in-tampa/page.tsx,1,7,560,Yes,Yes,0,NONE,
app/locations/plant-city-fl/page.tsx,1,7,564,Yes,Yes,0,NONE,
app/commercial-construction-ideas-for-mall-revamp/page.tsx,1,9,566,Yes,Yes,0,NONE,
app/services/commercial/design-build/page.tsx,1,8,571,Yes,Yes,0,NONE,
app/floridas-top-commercial-contractor-in-tampa/page.tsx,1,8,575,Yes,Yes,0,NONE,
app/exterior-waterproofing-tampa/page.tsx,1,6,578,No,Yes,1,MEDIUM,no_internal_links
app/top-commercial-contractors-in-tampa/page.tsx,1,8,578,Yes,Yes,0,NONE,
app/insurance-restoration/page.tsx,1,8,586,Yes,Yes,0,NONE,
app/successful-restaurant-design-with-florida-construction-specialists/page.tsx,1,7,608,Yes,No,1,LOW,no_faqs
app/exterior-waterproofing-brandon/page.tsx,1,6,618,No,Yes,1,MEDIUM,no_internal_links
app/exterior-waterproofing-lakeland/page.tsx,1,6,630,No,Yes,1,MEDIUM,no_internal_links
app/tampas-building-codes-for-insurance-restoration/page.tsx,1,6,630,Yes,Yes,0,NONE,
app/commercial-construction/page.tsx,1,9,637,No,Yes,1,MEDIUM,no_internal_links
app/insurance-restoration-project-management-in-tampa/page.tsx,1,6,643,Yes,Yes,0,NONE,
app/tampas-insurance-restoration-for-commercial-interiors/page.tsx,1,6,644,Yes,Yes,0,NONE,
app/residential-insurance-restoration-services-in-tampa/page.tsx,1,6,647,Yes,Yes,0,NONE,
app/exterior-waterproofing-bradenton/page.tsx,1,6,648,No,Yes,1,MEDIUM,no_internal_links
app/exterior-waterproofing-sarasota/page.tsx,1,6,653,No,Yes,1,MEDIUM,no_internal_links
app/exterior-waterproofing-st-petersburg/page.tsx,1,6,657,No,Yes,1,MEDIUM,no_internal_links
app/maximize-insurance-payouts-for-restoration-in-tampa/page.tsx,1,6,663,Yes,Yes,0,NONE,
app/value-engineering-in-commercial-construction/page.tsx,1,10,665,Yes,Yes,0,NONE,
app/residential/page.tsx,1,6,666,No,No,2,MEDIUM,no_internal_links; no_faqs
app/tampa-commercial-construction-trends-updates-2024/page.tsx,1,8,672,Yes,Yes,0,NONE,
app/disaster-recovery-ruskin/page.tsx,1,6,675,No,Yes,1,MEDIUM,no_internal_links
app/privacy/page.tsx,1,11,682,No,No,2,MEDIUM,no_internal_links; no_faqs
app/insurance/water-restoration/page.tsx,1,6,686,Yes,Yes,0,NONE,
app/unveiling-floridas-top-hidden-commercial-construction-costs/page.tsx,1,10,688,Yes,Yes,0,NONE,
app/insurance-restoration-compliance-and-regulations-in-tampa/page.tsx,1,7,696,Yes,Yes,0,NONE,
app/mold-remediation-and-insurance-coverage-in-tampa/page.tsx,1,7,697,Yes,Yes,0,NONE,
app/choosing-the-right-waterproofing-solution-your-ultimate-guide/page.tsx,1,7,698,Yes,Yes,0,NONE,
app/custom-homes/page.tsx,1,7,698,No,Yes,1,MEDIUM,no_internal_links
app/disaster-recovery-bradenton/page.tsx,1,6,699,No,Yes,1,MEDIUM,no_internal_links
app/technology-role-in-insurance-restoration-processes-in-tampa/page.tsx,1,7,703,Yes,Yes,0,NONE,
app/role-of-executive-general-adjusters-in-tampa-restorations/page.tsx,1,6,707,Yes,Yes,0,NONE,
app/luxury-custom-homes-tampa/page.tsx,1,7,714,No,Yes,1,MEDIUM,no_internal_links
app/why-florida-construction-specialists-recommend-building-instead-of-buying/page.tsx,1,7,714,Yes,Yes,0,NONE,
app/leading-engineering-services-for-commercial-buildings-in-tampa/page.tsx,1,7,715,Yes,Yes,0,NONE,
app/decoding-commercial-construction-costs/page.tsx,1,10,722,Yes,Yes,0,NONE,
app/a-zero-accident-workplace-in-tampas-commercial-construction/page.tsx,1,7,723,Yes,Yes,0,NONE,
app/pre-construction-services-tampa/page.tsx,1,8,723,Yes,Yes,0,NONE,
app/balcony-reconstruction-brandon/page.tsx,1,6,727,No,Yes,1,MEDIUM,no_internal_links
app/impact-of-climate-change-on-tampa-insurance-restoration/page.tsx,1,6,732,Yes,Yes,0,NONE,
app/balcony-reconstruction-lakeland/page.tsx,1,6,735,No,Yes,1,MEDIUM,no_internal_links
app/construction-project-management-and-scheduling/page.tsx,1,9,735,Yes,Yes,0,NONE,
app/preparing-for-insurance-restoration-consultations-in-tampa/page.tsx,1,7,742,Yes,Yes,0,NONE,
app/decoding-value-engineering-florida-construction-expertise/page.tsx,1,9,743,Yes,Yes,0,NONE,
app/balcony-reconstruction-sarasota/page.tsx,1,6,748,No,Yes,1,MEDIUM,no_internal_links
app/experienced-design-build-firm-in-florida/page.tsx,1,8,748,Yes,Yes,0,NONE,
app/luxury-custom-homes-clearwater/page.tsx,1,7,748,No,Yes,1,MEDIUM,no_internal_links
app/construction-quotes-for-commercial-project/page.tsx,1,9,751,Yes,Yes,0,NONE,
app/tampas-insurance-restoration-reporting-and-documentation/page.tsx,1,7,755,Yes,Yes,0,NONE,
app/luxury-custom-homes-brandon/page.tsx,1,7,761,No,Yes,1,MEDIUM,no_internal_links
app/balcony-reconstruction-bradenton/page.tsx,1,6,763,No,Yes,1,MEDIUM,no_internal_links
app/tampa-commercial-construction-networking-events/page.tsx,1,8,764,Yes,Yes,0,NONE,
app/balcony-reconstruction-st-petersburg/page.tsx,1,6,767,No,Yes,1,MEDIUM,no_internal_links
app/balcony-restoration-and-exterior-waterproofing-for-longevity/page.tsx,1,7,769,Yes,Yes,0,NONE,
app/commercial-interior-design-in-tampa/page.tsx,1,8,769,Yes,Yes,0,NONE,
app/understanding-tampa-insurance-restoration-claims/page.tsx,1,6,769,Yes,Yes,0,NONE,
app/commercial-construction-wants-vs-needs-in-tampa/page.tsx,1,8,770,Yes,Yes,0,NONE,
app/benefits-of-value-engineering-for-construction/page.tsx,1,9,774,Yes,Yes,0,NONE,
app/florida-construction-specialists-mastering-your-post-construction-checklist/page.tsx,1,10,775,Yes,Yes,0,NONE,
app/disaster-recovery-brandon/page.tsx,1,7,781,No,Yes,1,MEDIUM,no_internal_links
app/building-consultants/page.tsx,1,10,786,Yes,Yes,0,NONE,
app/commercial-construction-insurance-coverage/page.tsx,1,8,786,Yes,Yes,0,NONE,
app/exterior-waterproofing-ruskin/page.tsx,1,7,789,No,Yes,1,MEDIUM,no_internal_links
app/expert-tips-for-planning-your-commercial-construction-project/page.tsx,1,8,791,Yes,Yes,0,NONE,
app/balcony-reconstruction-ruskin/page.tsx,1,6,804,No,Yes,1,MEDIUM,no_internal_links
app/luxury-custom-homes-bradenton/page.tsx,1,7,809,No,Yes,1,MEDIUM,no_internal_links
app/insurance/fire-restoration/page.tsx,1,5,810,Yes,Yes,0,NONE,
app/how-to-prevent-water-damage-expert-tips-for-a-dry-home/page.tsx,1,9,812,Yes,Yes,0,NONE,
app/luxury-custom-homes-st-petersburg/page.tsx,1,7,815,No,Yes,1,MEDIUM,no_internal_links
app/luxury-custom-homes-ruskin/page.tsx,1,7,822,No,Yes,1,MEDIUM,no_internal_links
app/services/disaster-recovery/page.tsx,1,11,825,Yes,Yes,0,NONE,
app/utility-mapping-for-commercial-buildings/page.tsx,1,7,825,Yes,Yes,0,NONE,
app/financial-planning-for-commercial-construction/page.tsx,1,9,830,Yes,Yes,0,NONE,
app/revolutionizing-commercial-construction-florida/page.tsx,1,9,837,Yes,Yes,0,NONE,
app/the-importance-of-quality-construction-materials-in-tampa/page.tsx,1,7,837,Yes,Yes,0,NONE,
app/disaster-recovery-sarasota/page.tsx,1,7,838,No,Yes,1,MEDIUM,no_internal_links
app/luxury-custom-homes-lakeland/page.tsx,1,8,843,No,Yes,1,MEDIUM,no_internal_links
app/the-preconstruction-modern-approach-design/page.tsx,1,9,843,Yes,Yes,0,NONE,
app/tampa-insurance-restoration-for-hurricane-damage/page.tsx,1,7,847,Yes,Yes,0,NONE,
app/insurance/hurricane-restoration/page.tsx,1,5,849,Yes,Yes,0,NONE,
app/preventing-home-improvement-fraud/page.tsx,1,8,850,Yes,Yes,0,NONE,
app/florida-construction-specialists-committed-to-the-community-in-tampa/page.tsx,1,6,853,Yes,Yes,0,NONE,
app/certified-estimates/page.tsx,1,11,855,Yes,Yes,0,NONE,
app/disaster-recovery-lakeland/page.tsx,1,7,862,No,Yes,1,MEDIUM,no_internal_links
app/flood-remediation-contractors-in-tampa/page.tsx,1,7,864,Yes,Yes,0,NONE,
app/streamlining-your-design-build-project-timeline/page.tsx,1,8,865,Yes,Yes,0,NONE,
app/commercial-construction-brandon/page.tsx,1,8,868,No,Yes,1,MEDIUM,no_internal_links
app/structural-integrity-evaluation-in-tampa-post-disaster/page.tsx,1,8,869,Yes,Yes,0,NONE,
app/commercial-construction-bradenton/page.tsx,1,8,875,No,Yes,1,MEDIUM,no_internal_links
app/services/historic-restoration/page.tsx,1,12,875,Yes,Yes,0,NONE,
app/services/residential/page.tsx,1,11,875,Yes,Yes,0,NONE,
app/tampas-post-disaster-electrical-safety-checks/page.tsx,1,8,875,Yes,Yes,0,NONE,
app/roof-damage-restoration-and-insurance-claims-in-tampa/page.tsx,1,7,878,Yes,Yes,0,NONE,
app/terms/page.tsx,1,13,880,No,No,2,MEDIUM,no_internal_links; no_faqs
app/engineering/page.tsx,1,10,882,Yes,Yes,0,NONE,
app/commercial-construction-tampa/page.tsx,1,9,883,Yes,Yes,0,NONE,
app/discover-the-benefits-of-exterior-waterproofing/page.tsx,1,8,885,Yes,Yes,0,NONE,
app/luxury-custom-homes-sarasota/page.tsx,1,7,886,No,Yes,1,MEDIUM,no_internal_links
app/tampa-post-disaster-rebuilding-services/page.tsx,1,8,887,Yes,Yes,0,NONE,
app/proper-permits-insights-from-the-top-commercial-contractor-in-tampa/page.tsx,1,8,889,Yes,Yes,0,NONE,
app/sustainable-building-practices-florida-green-construction/page.tsx,1,9,891,Yes,Yes,0,NONE,
app/commercial-construction-lakeland/page.tsx,1,8,894,No,Yes,1,MEDIUM,no_internal_links
app/tampa-commercial-construction-permits/page.tsx,1,8,894,Yes,Yes,0,NONE,
app/bespoke-architectural-design-in-tampa/page.tsx,1,8,903,Yes,Yes,0,NONE,
app/investing-in-commercial-real-estate-construction/page.tsx,1,6,903,Yes,Yes,0,NONE,
app/exterior-waterproofing-clearwater/page.tsx,1,6,905,No,Yes,1,MEDIUM,no_internal_links
app/commercial-construction-sarasota/page.tsx,1,8,913,No,Yes,1,MEDIUM,no_internal_links
app/services/commercial/page.tsx,1,11,913,Yes,Yes,0,NONE,
app/commercial-building-design-services-in-tampa/page.tsx,1,8,916,Yes,Yes,0,NONE,
app/commercial-construction-ruskin/page.tsx,1,8,916,No,Yes,1,MEDIUM,no_internal_links
app/office-building-renovation-in-tampa/page.tsx,1,8,919,Yes,Yes,0,NONE,
app/vip-public-adjuster/page.tsx,1,8,919,Yes,Yes,0,NONE,
app/post-disaster-landscaping-restoration-in-tampa/page.tsx,1,7,921,Yes,Yes,0,NONE,
app/commercial-construction-clearwater/page.tsx,1,11,929,Yes,Yes,0,NONE,
app/identifying-water-damage-signs-prevention-and-action/page.tsx,1,7,936,Yes,Yes,0,NONE,
app/reinforced-construction-services-in-tampa-for-disaster-prevention/page.tsx,1,8,936,Yes,Yes,0,NONE,
app/post-disaster-health-and-safety-inspections-in-tampa/page.tsx,1,8,957,Yes,Yes,0,NONE,
app/surviving-a-commercial-construction-project/page.tsx,1,9,973,Yes,Yes,0,NONE,
app/commercial-property-damage-restoration-in-tampa/page.tsx,1,8,976,Yes,Yes,0,NONE,
app/multi-family-construction-tampa/page.tsx,1,8,978,No,Yes,1,MEDIUM,no_internal_links
app/building-the-perfect-construction-blueprint/page.tsx,1,8,990,Yes,Yes,0,NONE,
app/complete-property-overhaul-after-disasters-in-tampa/page.tsx,1,8,997,Yes,Yes,0,NONE,
app/tips-for-post-construction-in-florida-commercial-sector/page.tsx,1,10,997,Yes,Yes,0,NONE,
app/tampas-structural-drying-services-post-flooding/page.tsx,1,8,1008,Yes,Yes,0,NONE,
app/balcony-reconstruction-exterior-waterproofing/page.tsx,1,7,1012,Yes,Yes,0,NONE,
app/crafting-the-ideal-commercial-blueprint-in-tampa-florida/page.tsx,1,7,1013,Yes,Yes,0,NONE,
app/renovating-your-commercial-space-in-florida/page.tsx,1,9,1019,Yes,Yes,0,NONE,
app/historic-restoration-tampa/page.tsx,1,11,1021,Yes,Yes,0,NONE,
app/safety-first-in-florida-commercial-construction-projects/page.tsx,1,8,1031,Yes,Yes,0,NONE,
app/insurance/appraisal-arbitration/page.tsx,1,4,1032,Yes,Yes,0,NONE,
app/top-commercial-contractor-for-roof-repair-and-replacement/page.tsx,1,6,1035,Yes,Yes,0,NONE,
app/insurance/certified-estimating/page.tsx,1,4,1037,Yes,Yes,0,NONE,
app/industrial-property-restoration-services-after-damage-in-tampa/page.tsx,1,7,1041,Yes,Yes,0,NONE,
app/summer-construction-safety-tips-from-top-contractors/page.tsx,1,9,1045,Yes,Yes,0,NONE,
app/multi-family-construction-ruskin/page.tsx,1,8,1046,No,Yes,1,MEDIUM,no_internal_links
app/ensuring-construction-site-safety-a-top-priority/page.tsx,1,9,1051,Yes,Yes,0,NONE,
app/multi-family-construction-clearwater/page.tsx,1,8,1053,No,Yes,1,MEDIUM,no_internal_links
app/tampas-disaster-related-demolition-services/page.tsx,1,8,1057,Yes,Yes,0,NONE,
app/sb-4-d-compliance-tampa-bay-condos/page.tsx,1,8,1059,Yes,Yes,0,NONE,
app/hiring-a-commercial-contractor-in-tampa/page.tsx,1,9,1061,Yes,Yes,0,NONE,
app/tampa-commercial-real-estate-development/page.tsx,1,6,1068,Yes,Yes,0,NONE,
app/smooth-commercial-renovations-solution-in-tampa/page.tsx,1,9,1083,Yes,Yes,0,NONE,
app/insurance-arbitration-appraisal/page.tsx,1,10,1088,Yes,Yes,0,NONE,
app/post-disaster-interior-restoration-in-tampa/page.tsx,1,8,1091,Yes,Yes,0,NONE,
app/multi-family-construction-sarasota/page.tsx,1,8,1099,No,Yes,1,MEDIUM,no_internal_links
app/commercial/page.tsx,1,6,1102,Yes,Yes,0,NONE,
app/multi-family-construction-lakeland/page.tsx,1,8,1102,No,Yes,1,MEDIUM,no_internal_links
app/tampas-premier-commercial-remodeling-contractors/page.tsx,1,7,1104,Yes,Yes,0,NONE,
app/insurance/building-consultant/page.tsx,1,4,1111,Yes,Yes,0,NONE,
app/multi-family-construction-st-petersburg/page.tsx,1,8,1116,No,Yes,1,MEDIUM,no_internal_links
app/historic-restoration-bradenton/page.tsx,1,8,1124,No,Yes,1,MEDIUM,no_internal_links
app/inspiring-balcony-renovation-transform-your-outdoor-space/page.tsx,1,10,1125,Yes,Yes,0,NONE,
app/hurricane-proof-reconstruction-services-in-tampa/page.tsx,1,8,1129,Yes,Yes,0,NONE,
app/balcony-reconstruction-tampa/page.tsx,1,9,1133,Yes,Yes,0,NONE,
app/historic-restoration-ruskin/page.tsx,1,8,1134,No,Yes,1,MEDIUM,no_internal_links
app/tampa-commercial-construction-costs/page.tsx,1,7,1142,Yes,Yes,0,NONE,
app/sustainable-commercial-construction-in-tampa/page.tsx,1,10,1143,Yes,Yes,0,NONE,
app/condo-milestone-inspection-remediation/page.tsx,1,8,1151,Yes,Yes,0,NONE,
app/balcony-safety-measures/page.tsx,1,10,1155,Yes,No,1,LOW,no_faqs
app/revitalize-your-older-building-renovation-and-reconstruction/page.tsx,1,8,1156,Yes,Yes,0,NONE,
app/property-damage-assessment-for-insurance-claims-in-tampa/page.tsx,1,9,1160,Yes,Yes,0,NONE,
app/tampa-residential-restoration-after-hurricane-damage/page.tsx,1,8,1160,Yes,Yes,0,NONE,
app/renovating-vs-new-construction-florida/page.tsx,1,9,1173,Yes,Yes,0,NONE,
app/multi-family-construction-brandon/page.tsx,1,8,1174,No,Yes,1,MEDIUM,no_internal_links
app/green-contractor-certifications-in-commercial-construction/page.tsx,1,9,1175,Yes,Yes,0,NONE,
app/disaster-recovery-tampa/page.tsx,1,11,1189,Yes,Yes,0,NONE,
app/insurance/mold-remediation/page.tsx,1,4,1201,Yes,Yes,0,NONE,
app/historic-restoration-brandon/page.tsx,1,9,1205,No,Yes,1,MEDIUM,no_internal_links
app/construction-florida-leading-way-leed-certification/page.tsx,1,11,1207,Yes,Yes,0,NONE,
app/upgrade-commercial-sprinklers-during-renovation/page.tsx,1,9,1215,Yes,Yes,0,NONE,
app/condo-structural-reserve-study-repairs/page.tsx,1,6,1220,Yes,Yes,0,NONE,
app/key-signs-your-commercial-remodel-needs/page.tsx,1,8,1220,Yes,Yes,0,NONE,
app/commercial-construction-stages-in-florida/page.tsx,1,8,1221,Yes,No,1,LOW,no_faqs
app/stylish-balcony-railing-designs-for-your-outdoor-space/page.tsx,1,9,1223,Yes,Yes,0,NONE,
app/unlocking-the-power-of-sustainable-construction/page.tsx,1,8,1224,Yes,Yes,0,NONE,
app/tampa-commercial-construction-market-analysis/page.tsx,1,10,1255,Yes,Yes,0,NONE,
app/disaster-recovery-clearwater/page.tsx,1,11,1264,Yes,Yes,0,NONE,
app/balcony-reconstruction-clearwater/page.tsx,1,9,1265,Yes,Yes,0,NONE,
app/commercial-roofing-services-in-tampa/page.tsx,1,7,1268,Yes,Yes,0,NONE,
app/sustainable-urban-development-in-tampa/page.tsx,1,11,1280,Yes,Yes,0,NONE,
app/tampa-commercial-construction-safety-standards/page.tsx,1,9,1282,Yes,Yes,0,NONE,
app/multi-family-construction-bradenton/page.tsx,1,9,1288,No,Yes,1,MEDIUM,no_internal_links
app/commercial-construction-st-petersburg/page.tsx,1,10,1296,Yes,Yes,0,NONE,
app/disaster-recovery-st-petersburg/page.tsx,1,11,1302,Yes,Yes,0,NONE,
app/maximize-savings-on-commercial-renovation/page.tsx,1,9,1311,Yes,Yes,0,NONE,
app/mastering-commercial-construction-design-in-florida/page.tsx,1,10,1313,Yes,Yes,0,NONE,
app/skilled-project-managers-for-florida-commercial-construction/page.tsx,1,9,1320,Yes,Yes,0,NONE,
app/energy-efficiency-in-historic-restoration-in-tampa/page.tsx,1,9,1332,Yes,Yes,0,NONE,
app/commercial-renovation-secrets-from-floridas-top-contractors/page.tsx,1,10,1342,Yes,Yes,0,NONE,
app/choosing-the-perfect-location-for-commercial-construction/page.tsx,1,8,1347,Yes,Yes,0,NONE,
app/historic-restoration-sarasota/page.tsx,1,9,1348,No,Yes,1,MEDIUM,no_internal_links
app/tampa-historic-home-restoration-guidelines/page.tsx,1,7,1350,Yes,Yes,0,NONE,
app/the-crucial-importance-of-customer-satisfaction-in-florida-commercial-construction/page.tsx,1,9,1351,Yes,Yes,0,NONE,
app/top-commercial-construction-in-florida/page.tsx,1,11,1358,Yes,No,1,LOW,no_faqs
app/your-top-choice-for-commercial-construction-in-tampa/page.tsx,1,10,1361,Yes,Yes,0,NONE,
app/historic-restoration-lakeland/page.tsx,1,9,1370,No,Yes,1,MEDIUM,no_internal_links
app/tampa-historic-restoration-workshops-and-training/page.tsx,1,8,1372,Yes,Yes,0,NONE,
app/is-your-commercial-building-remodel-ready/page.tsx,1,11,1374,Yes,Yes,0,NONE,
app/subcontractors-in-florida-commercial-construction/page.tsx,1,10,1375,Yes,Yes,0,NONE,
app/advanced-building-materials-in-tampa/page.tsx,1,11,1379,Yes,Yes,0,NONE,
app/historic-restoration-clearwater/page.tsx,1,9,1379,No,Yes,1,MEDIUM,no_internal_links
app/tampa-custom-home-builders-with-artistic-flair/page.tsx,1,10,1381,Yes,Yes,0,NONE,
app/zero-net-energy-boosting-commercial-construction/page.tsx,1,10,1389,Yes,Yes,0,NONE,
app/demystifying-commercial-construction-insurance-in-florida/page.tsx,1,10,1390,Yes,Yes,0,NONE,
app/top-commercial-construction-trends-in-tampa/page.tsx,1,11,1392,Yes,No,1,LOW,no_faqs
app/tampa-custom-homes-with-unique-facades/page.tsx,1,10,1400,Yes,Yes,0,NONE,
app/hiring-commercial-contractors-in-tampa/page.tsx,1,12,1407,Yes,Yes,0,NONE,
app/tampa-luxury-custom-home-building-services/page.tsx,1,10,1410,Yes,Yes,0,NONE,
app/post-construction-process-for-commercial-construction/page.tsx,1,11,1418,Yes,Yes,0,NONE,
app/building-strong-communities-through-community-outreach/page.tsx,1,12,1426,Yes,Yes,0,NONE,
app/custom-home-theaters-and-entertainment-spaces-in-tampa/page.tsx,1,10,1427,Yes,Yes,0,NONE,
app/commercial-construction-loans-in-tampa/page.tsx,1,10,1432,Yes,Yes,0,NONE,
app/insurance-restoration-sarasota/page.tsx,1,8,1438,No,Yes,1,MEDIUM,no_internal_links
app/sustainable-commercial-construction-in-tampa-2/page.tsx,1,10,1438,Yes,Yes,0,NONE,
app/top-commercial-contractor-with-quality-control/page.tsx,1,12,1440,Yes,No,1,LOW,no_faqs
app/custom-home-wine-cellars-in-tampa/page.tsx,1,10,1441,Yes,Yes,0,NONE,
app/tampa-commercial-construction-bidding-process/page.tsx,1,10,1445,Yes,Yes,0,NONE,
app/preserving-tampas-cultural-heritage-through-restoration/page.tsx,1,8,1453,Yes,Yes,0,NONE,
app/tampas-historic-restoration-zoning-laws/page.tsx,1,8,1455,Yes,Yes,0,NONE,
app/tampas-guidelines-for-historic-roofs-restoration/page.tsx,1,8,1458,Yes,Yes,0,NONE,
app/high-end-home-construction-in-tampa/page.tsx,1,11,1461,Yes,Yes,0,NONE,
app/tampa-historic-restoration-permits-and-regulations/page.tsx,1,8,1461,Yes,Yes,0,NONE,
app/tampas-commercial-construction-laws/page.tsx,1,11,1463,Yes,No,1,LOW,no_faqs
app/tampa-custom-homes-with-luxury-bathrooms/page.tsx,1,10,1464,Yes,Yes,0,NONE,
app/historic-restoration-st-petersburg/page.tsx,1,13,1473,Yes,Yes,0,NONE,
app/tampas-historic-districts-restoration-rules/page.tsx,1,8,1473,Yes,Yes,0,NONE,
app/condo-remediation-sarasota/page.tsx,1,11,1474,Yes,Yes,0,NONE,
app/building-tampa-homes-with-personalized-office-spaces/page.tsx,1,11,1488,Yes,Yes,0,NONE,
app/eco-friendly-commercial-construction-in-tampa/page.tsx,1,10,1490,Yes,Yes,0,NONE,
app/tips-for-choosing-a-commercial-contractor-in-tampa/page.tsx,1,9,1514,Yes,Yes,0,NONE,
app/tampa-historic-window-restoration-services/page.tsx,1,8,1521,Yes,Yes,0,NONE,
app/the-top-causes-of-construction-delays-in-florida/page.tsx,1,10,1536,Yes,Yes,0,NONE,
app/historic-building-preservation-in-tampa/page.tsx,1,9,1537,Yes,Yes,0,NONE,
app/sustainable-building-materials-in-commercial-construction/page.tsx,1,9,1539,Yes,Yes,0,NONE,
app/tampa-commercial-construction-companies/page.tsx,1,11,1539,Yes,Yes,0,NONE,
app/tampa-custom-home-landscaping-solutions/page.tsx,1,10,1541,Yes,Yes,0,NONE,
app/designing-your-dream-home-in-tampa/page.tsx,1,11,1543,Yes,Yes,0,NONE,
app/factors-influencing-commercial-construction-project-timeline/page.tsx,1,7,1544,Yes,No,1,LOW,no_faqs
app/common-construction-mistakes-to-avoid-for-commercial-project/page.tsx,1,11,1550,Yes,Yes,0,NONE,
app/benefits-of-sustainable-materials-in-commercial-construction/page.tsx,1,11,1574,Yes,Yes,0,NONE,
app/commercial-construction-vs-remodeling-and-renovation-in-florida/page.tsx,1,11,1578,Yes,Yes,0,NONE,
app/sustainable-construction-trends-in-florida/page.tsx,1,13,1582,Yes,Yes,0,NONE,
app/materials-for-historic-restoration-in-tampa/page.tsx,1,8,1586,Yes,Yes,0,NONE,
app/customized-outdoor-sports-facilities-in-tampa-homes/page.tsx,1,11,1592,Yes,Yes,0,NONE,
app/top-commercial-construction-trends/page.tsx,1,12,1593,Yes,No,1,LOW,no_faqs
app/secure-custom-home-construction-in-tampa/page.tsx,1,11,1595,Yes,Yes,0,NONE,
app/building-multi-generational-homes-in-tampa/page.tsx,1,11,1606,Yes,Yes,0,NONE,
app/tampa-custom-homes-with-green-building-practices/page.tsx,1,10,1608,Yes,Yes,0,NONE,
app/licensed-contractors-for-commercial-construction-in-florida/page.tsx,1,10,1616,Yes,Yes,0,NONE,
app/tampa-custom-outdoor-living-spaces/page.tsx,1,11,1618,Yes,Yes,0,NONE,
app/impact-of-climate-on-historic-restoration-in-tampa/page.tsx,1,9,1619,Yes,Yes,0,NONE,
app/smart-home-integration-in-tampa-custom-homes-2/page.tsx,1,11,1630,Yes,Yes,0,NONE,
app/crafting-custom-home-libraries-in-tampa/page.tsx,1,10,1637,Yes,Yes,0,NONE,
app/tampa-homes-with-custom-art-studios/page.tsx,1,11,1639,Yes,Yes,0,NONE,
app/condo-remediation-st-petersburg/page.tsx,1,10,1642,Yes,Yes,0,NONE,
app/impacts-of-technology-on-historic-restoration-in-tampa/page.tsx,1,9,1656,Yes,Yes,0,NONE,
app/spacious-family-homes-construction-in-tampa/page.tsx,1,11,1656,Yes,Yes,0,NONE,
app/legal-aspects-of-insurance-restoration-in-tampa/page.tsx,1,10,1657,Yes,Yes,0,NONE,
app/waterfront-custom-homes-in-tampa/page.tsx,1,10,1664,Yes,Yes,0,NONE,
app/luxury-commercial-construction-in-tampa/page.tsx,1,10,1665,Yes,No,1,LOW,no_faqs
app/tampa-commercial-construction-job-opportunities/page.tsx,1,9,1679,Yes,No,1,LOW,no_faqs
app/gourmet-kitchen-design-in-tampa/page.tsx,1,13,1680,Yes,Yes,0,NONE,
app/the-stages-of-construction-project-management/page.tsx,1,8,1680,Yes,Yes,0,NONE,
app/pet-friendly-home-designs-in-tampa/page.tsx,1,12,1683,Yes,Yes,0,NONE,
app/tampa-commercial-property-disaster-recovery-services/page.tsx,1,13,1687,Yes,No,1,LOW,no_faqs
app/funding-and-grants-for-historic-restoration-in-tampa/page.tsx,1,9,1693,Yes,Yes,0,NONE,
app/tampas-historical-societies-and-restoration-efforts/page.tsx,1,9,1708,Yes,Yes,0,NONE,
app/condo-remediation-brandon/page.tsx,1,10,1712,Yes,Yes,0,NONE,
app/key-factors-for-choosing-the-top-commercial-contractor-in-tampa/page.tsx,1,11,1724,Yes,Yes,0,NONE,
app/leading-commercial-contractors-in-tampas/page.tsx,1,9,1740,Yes,No,1,LOW,no_faqs
app/creating-unique-bedrooms-in-tampa-custom-homes/page.tsx,1,11,1744,Yes,Yes,0,NONE,
app/insurance-restoration-tampa/page.tsx,1,10,1757,Yes,Yes,0,NONE,
app/challenges-in-historic-restoration-projects-in-tampa/page.tsx,1,9,1764,Yes,Yes,0,NONE,
app/unlocking-commercial-construction-permits/page.tsx,1,10,1766,Yes,No,1,LOW,no_faqs
app/energy-efficient-custom-homes-in-tampa/page.tsx,1,11,1769,Yes,Yes,0,NONE,
app/climate-resilient-custom-homes-in-tampa/page.tsx,1,11,1772,Yes,Yes,0,NONE,
app/historical-accuracy-in-tampa-restoration/page.tsx,1,8,1784,Yes,Yes,0,NONE,
app/commercial-construction-technology-in-tampa/page.tsx,1,13,1790,Yes,Yes,0,NONE,
app/key-benefits-of-choosing-a-local-general-contractor-in-tampa/page.tsx,1,11,1796,Yes,Yes,0,NONE,
app/eco-friendly-historic-restoration-techniques-in-tampa/page.tsx,1,10,1798,Yes,Yes,0,NONE,
app/commercial-construction-questions-answered/page.tsx,1,8,1808,Yes,Yes,0,NONE,
app/key-questions-for-floridas-top-commercial-contractor/page.tsx,1,10,1811,Yes,Yes,0,NONE,
app/historic-restoration-projects-in-tampa/page.tsx,1,8,1819,Yes,No,1,LOW,no_faqs
app/condo-remediation-ruskin/page.tsx,1,12,1833,Yes,Yes,0,NONE,
app/insurance-restoration-brandon/page.tsx,1,11,1834,No,Yes,1,MEDIUM,no_internal_links
app/insurance-restoration-st-petersburg/page.tsx,1,11,1838,Yes,Yes,0,NONE,
app/balcony-waterproofing-for-long-lasting-protection/page.tsx,1,13,1850,Yes,Yes,0,NONE,
app/tampa-water-damage-restoration-services-post-flooding/page.tsx,1,15,1963,Yes,No,1,LOW,no_faqs
app/tampa-disaster-damage-assessment-services/page.tsx,1,14,1977,Yes,No,1,LOW,no_faqs
app/condo-remediation-clearwater/page.tsx,1,11,2003,Yes,Yes,0,NONE,
app/tips-for-negotiating-property-purchases-in-florida/page.tsx,1,12,2036,Yes,Yes,0,NONE,
app/water-damage-mitigation-in-tampa/page.tsx,1,16,2069,Yes,No,1,LOW,no_faqs
app/insurance-restoration-clearwater/page.tsx,1,10,2074,Yes,Yes,0,NONE,
app/condo-remediation-bradenton/page.tsx,1,11,2118,Yes,Yes,0,NONE,
app/integrating-modern-amenities-in-tampas-historic-homes/page.tsx,1,9,2137,Yes,No,1,LOW,no_faqs
app/mold-remediation-services-in-tampa-after-flooding/page.tsx,1,15,2169,Yes,No,1,LOW,no_faqs
app/effective-balcony-maintenance-tips/page.tsx,1,15,2177,Yes,Yes,0,NONE,
app/condo-remediation-tampa/page.tsx,1,11,2211,Yes,Yes,0,NONE,
app/tips-for-parking-lot-maintenance-in-tampa/page.tsx,1,12,2230,Yes,Yes,0,NONE,
app/insurance-restoration-bradenton/page.tsx,1,9,2264,No,Yes,1,MEDIUM,no_internal_links
app/affordable-commercial-construction-in-tampa/page.tsx,1,15,2390,Yes,Yes,0,NONE,
app/benefits-of-design-build-construction-for-commercial-project/page.tsx,1,15,2415,Yes,No,1,LOW,no_faqs
app/water-damage-restoration-insurance-claims-in-tampa/page.tsx,1,15,2426,Yes,No,1,LOW,no_faqs
app/the-essential-role-of-florida-construction-specialists/page.tsx,1,15,2446,Yes,Yes,0,NONE,
app/expert-witness/page.tsx,1,12,2465,Yes,Yes,0,NONE,
app/top-commercial-modular-construction-in-tampa/page.tsx,1,13,2472,Yes,Yes,0,NONE,
app/exterior-waterproofing-solution-for-a-dry-and-protected-home/page.tsx,1,18,2523,Yes,Yes,0,NONE,
app/enhancing-commercial-property-value/page.tsx,1,14,2530,Yes,Yes,0,NONE,
app/historic-restoration-preservation/page.tsx,1,14,2530,Yes,Yes,0,NONE,
app/custom-home-accessibility-features-in-tampa/page.tsx,1,18,2574,Yes,Yes,0,NONE,
app/condo-remediation-lakeland/page.tsx,1,13,2577,Yes,Yes,0,NONE,
app/foundation-restoration-services-in-tampa-after-flooding/page.tsx,1,12,2618,Yes,No,1,LOW,no_faqs
app/insurance-restoration-ruskin/page.tsx,1,11,2665,No,Yes,1,MEDIUM,no_internal_links
app/tenant-improvement-contractors-tampa/page.tsx,1,20,2704,Yes,Yes,0,NONE,
app/discover-the-best-balcony-decking-options-for-outdoor-spaces/page.tsx,1,19,2731,Yes,Yes,0,NONE,
app/the-impact-of-steel-and-aluminum-tariffs-on-construction/page.tsx,1,15,2800,Yes,No,1,LOW,no_faqs
app/balcony-restoration-services/page.tsx,1,22,2822,Yes,Yes,0,NONE,
app/claims-negotiation-for-property-damage-in-tampa/page.tsx,1,15,2828,Yes,No,1,LOW,no_faqs
app/expert-balcony-construction-guidelines-for-optimal-results/page.tsx,1,19,2869,Yes,Yes,0,NONE,
app/hurricane-damage-repair-services-in-tampa/page.tsx,1,9,2870,Yes,No,1,LOW,no_faqs
app/effective-exterior-waterproofing-methods-for-your-property/page.tsx,1,20,2884,Yes,Yes,0,NONE,
app/the-preferred-commercial-general-contractors-in-tampa/page.tsx,1,17,2907,Yes,Yes,0,NONE,
app/custom-home-interior-design-services-in-tampa/page.tsx,1,20,2967,Yes,Yes,0,NONE,
app/tips-for-commercial-renovation-in-florida/page.tsx,1,16,3016,Yes,Yes,0,NONE,
app/building-hurricane-safe-structures-florida/page.tsx,1,12,3019,Yes,Yes,0,NONE,
app/commercial-construction-budgeting-tips-for-florida-specialists/page.tsx,1,16,3027,Yes,Yes,0,NONE,
app/guide-to-waterproofing-solutions-for-basements/page.tsx,1,20,3078,Yes,Yes,0,NONE,
app/fire-damage-restoration-and-insurance-in-tampa/page.tsx,1,12,3087,Yes,Yes,0,NONE,
app/tampas-custom-family-home-builders/page.tsx,1,22,3091,Yes,Yes,0,NONE,
app/cost-of-historic-restoration-in-tampa/page.tsx,1,16,3093,Yes,Yes,0,NONE,
app/avoid-commercial-construction-delays-in-florida/page.tsx,1,11,3099,Yes,No,1,LOW,no_faqs
app/contractors-role-in-tampa-insurance-restoration/page.tsx,1,22,3119,Yes,Yes,0,NONE,
app/trends-and-future-of-commercial-construction-in-tampa/page.tsx,1,15,3130,Yes,Yes,0,NONE,
app/condo-milestone-inspection-remediation-tampa/page.tsx,1,13,3141,Yes,Yes,0,NONE,
app/the-essential-duties-of-a-construction-manager-in-florida/page.tsx,1,20,3171,Yes,Yes,0,NONE,
app/color-palettes-for-historic-buildings-in-tampa/page.tsx,1,15,3177,Yes,Yes,0,NONE,
app/insurance-restoration-lakeland/page.tsx,1,12,3255,No,Yes,1,MEDIUM,no_internal_links
app/choosing-materials-for-commercial-construction-in-tampa/page.tsx,1,17,3277,Yes,Yes,0,NONE,
app/commercial-construction-regulations-in-tampa/page.tsx,1,13,3316,Yes,Yes,0,NONE,
app/disaster-recovery-insurance-restoration/page.tsx,1,18,3333,Yes,Yes,0,NONE,
app/the-role-of-a-construction-manager/page.tsx,1,17,3349,Yes,Yes,0,NONE,
app/how-technology-is-revolutionizing-the-construction-process/page.tsx,1,14,3444,Yes,Yes,0,NONE,
app/commercial/condo-remediation/page.tsx,1,13,3454,Yes,Yes,0,NONE,
app/efficient-site-planning-for-commercial-construction-in-florida/page.tsx,1,21,3465,Yes,Yes,0,NONE,
app/commercial-construction-delays/page.tsx,1,16,3491,Yes,No,1,LOW,no_faqs
app/top-bonded-insured-commercial-contractor-in-tampa/page.tsx,1,17,3531,Yes,Yes,0,NONE,
app/architectural-styles-in-tampas-historic-restoration/page.tsx,1,18,3547,Yes,Yes,0,NONE,
app/the-key-traits-of-top-commercial-contractors-in-tampa/page.tsx,1,23,3557,Yes,Yes,0,NONE,
app/waterproofing-commercial-contractors/page.tsx,1,23,3630,Yes,Yes,0,NONE,
app/choose-between-general-contractor-and-construction-manager/page.tsx,1,19,3643,Yes,Yes,0,NONE,
app/eco-friendly-custom-homes-in-tampa/page.tsx,1,18,3695,Yes,Yes,0,NONE,
app/church-renovation-tips-from-top-commercial-contractor/page.tsx,1,20,3715,Yes,Yes,0,NONE,
app/environmental-considerations-in-tampa-insurance-restoration/page.tsx,1,19,3751,Yes,Yes,0,NONE,
app/top-balcony-flooring-materials-for-style-durability/page.tsx,1,25,3817,Yes,Yes,0,NONE,
app/adaptive-reuse-of-historic-buildings-in-tampa/page.tsx,1,18,3835,Yes,Yes,0,NONE,
app/ultimate-waterproofing-guide-foundations/page.tsx,1,25,3848,Yes,Yes,0,NONE,
app/commercial-buildings-facade-renovations/page.tsx,1,20,3985,Yes,Yes,0,NONE,
app/waterproofing-solutions-for-homes-the-ultimate-guide/page.tsx,1,24,4140,Yes,Yes,0,NONE,
app/build-a-successful-future-in-construction-management/page.tsx,1,21,4279,Yes,Yes,0,NONE,
app/historic-building-structural-assessment-in-tampa/page.tsx,1,18,4300,Yes,Yes,0,NONE,
app/historic-masonry-restoration-techniques-in-tampa/page.tsx,1,15,4311,Yes,Yes,0,NONE,
app/custom-commercial-construction-solutions-in-tampa/page.tsx,1,18,4384,Yes,No,1,LOW,no_faqs
app/exterior-waterproofing/page.tsx,1,13,4434,No,Yes,1,MEDIUM,no_internal_links
app/historic-plaster-repair-techniques-in-tampa/page.tsx,1,15,4596,Yes,No,1,LOW,no_faqs
app/building-plans-for-businesses-florida-construction-specialists/page.tsx,1,22,4858,Yes,No,1,LOW,no_faqs
app/choosing-a-builder-expert-commercial-construction-in-tampa/page.tsx,1,21,4907,Yes,No,1,LOW,no_faqs
app/commercial-residential-construction-in-florida/page.tsx,1,19,4968,Yes,No,1,LOW,no_faqs
app/historical-commercial-construction-in-tampa/page.tsx,1,16,5058,Yes,No,1,LOW,no_faqs
app/commercial/industrial-construction/page.tsx,1,13,5096,Yes,Yes,0,NONE,
app/historical-landmarks-restoration-in-tampa/page.tsx,1,14,5227,Yes,Yes,0,NONE,
app/multi-family-construction/page.tsx,1,10,5493,No,Yes,1,MEDIUM,no_internal_links
app/balcony-reconstruction/page.tsx,1,14,5930,No,Yes,1,MEDIUM,no_internal_links
app/tampas-guidelines-for-historic-landscape-restoration/page.tsx,1,23,6207,Yes,Yes,0,NONE,
app/commercial/historic-restoration/page.tsx,1,14,6692,Yes,Yes,0,NONE,
app/tampas-awards-for-historic-restoration-excellence/page.tsx,1,29,7584,Yes,No,1,LOW,no_faqs
app/disaster-recovery/page.tsx,1,16,8813,No,Yes,1,MEDIUM,no_internal_links
